model	TP	FP	FN	TN	acc	sens	f1	mcc
SVM_Wang2019	2032	55	44	798	0.973646382367034	0.978805394990366	0.97621907278405	0.917851673348757
RandomForest_Wang2019	1942	445	134	408	0.813573523250943	0.935452793834297	0.870266636791396	0.484078400551511
JEDI_Wang2019	5942	225	125	628	0.963515485649424	0.979396736443053	0.971391204838973	0.755458527041832
