id	TP	FP	FN	TN	source	method	Accuracy	Balanced_Accuracy	Specificity	Sensitivity	F1	MCC
DeepCirCode_lncRNA_orig	5941	35	18	6804	lncRNA_orig	DeepCirCode	0.995858727926239	0.995752358598863	0.994143239625167	0.996979358952844	0.995559279430247	0.991683168382876
JEDI_lncRNA_orig	1840	1860	127	4979	lncRNA_orig	JEDI	0.774358392005451	0.736212299255778	0.497297297297297	0.935434672089476	0.649373566260808	0.559854647948265
RandomForest_lncRNA_orig	5953	1	6	6838	lncRNA_orig	RandomForest	0.999453039537428	0.999477682689829	0.999832045683574	0.998993119650948	0.999412406614623	0.998901130939262
SVM_lncRNA_orig	5926	2523	33	4316	lncRNA_orig	SVM	0.80028129395218	0.846898414005328	0.701384779263818	0.994462158080215	0.822598556357579	0.658789508540061
